<?xml version="1.0" encoding="utf-8"?>
<WorldMetaData xmlns:xsd="http://www.w3.org/2001/XMLSchema" xmlns:xsi="http://www.w3.org/2001/XMLSchema-instance" Id="06fe8bd8-9175-439e-b190-7c81ed190395">
  <Game>Assembly-CSharp</Game>
  <GameVersion>0.2.5137.23331</GameVersion>
  <DateTime>133696661432935370</DateTime>
  <DaysPast>357</DaysPast>
  <WorldName>Europa</WorldName>
  <IsOnAwayMission>false</IsOnAwayMission>
  <WorldTravelCount>0</WorldTravelCount>
  <WorldFileName>Furnace Automatization Sample World</WorldFileName>
  <WorkShopFileHandle>0</WorkShopFileHandle>
  <NumberOfRooms>3</NumberOfRooms>
  <NumberOfPipeNetworks>13</NumberOfPipeNetworks>
  <NumberOfCableNetworks>3</NumberOfCableNetworks>
  <NumberOfThings>609</NumberOfThings>
  <NumberOfAtmospheres>99</NumberOfAtmospheres>
  <NumberOfAsteriods>0</NumberOfAsteriods>
</WorldMetaData>