<?xml version="1.0" encoding="utf-8"?>
<WorldMetaData xmlns:xsd="http://www.w3.org/2001/XMLSchema" xmlns:xsi="http://www.w3.org/2001/XMLSchema-instance" Id="8371f598-ce63-4e4f-bdfb-378f6be0a90d">
  <Game>Assembly-CSharp</Game>
  <GameVersion>0.2.4992.22676</GameVersion>
  <DateTime>133645862513448969</DateTime>
  <DaysPast>354</DaysPast>
  <WorldName>Europa</WorldName>
  <IsOnAwayMission>false</IsOnAwayMission>
  <WorldTravelCount>0</WorldTravelCount>
  <WorldFileName>Furnace Automatization Sample World</WorldFileName>
  <WorkShopFileHandle>0</WorkShopFileHandle>
  <NumberOfRooms>3</NumberOfRooms>
  <NumberOfPipeNetworks>13</NumberOfPipeNetworks>
  <NumberOfCableNetworks>3</NumberOfCableNetworks>
  <NumberOfThings>610</NumberOfThings>
  <NumberOfAtmospheres>96</NumberOfAtmospheres>
  <NumberOfAsteriods>0</NumberOfAsteriods>
</WorldMetaData>