<?xml version="1.0" encoding="utf-8"?>
<WorldMetaData xmlns:xsd="http://www.w3.org/2001/XMLSchema" xmlns:xsi="http://www.w3.org/2001/XMLSchema-instance" Id="13ab39e3-ccb3-4807-893c-66c7104965c7">
  <Game>Assembly-CSharp</Game>
  <GameVersion>0.2.5370.24111</GameVersion>
  <DateTime>133882176768495175</DateTime>
  <DaysPast>375</DaysPast>
  <WorldName>Europa</WorldName>
  <IsOnAwayMission>false</IsOnAwayMission>
  <WorldTravelCount>0</WorldTravelCount>
  <WorldFileName>Furnace Automatization Sample World (mixer variant)</WorldFileName>
  <WorkShopFileHandle>0</WorkShopFileHandle>
  <NumberOfRooms>3</NumberOfRooms>
  <NumberOfPipeNetworks>12</NumberOfPipeNetworks>
  <NumberOfCableNetworks>3</NumberOfCableNetworks>
  <NumberOfThings>647</NumberOfThings>
  <NumberOfAtmospheres>90</NumberOfAtmospheres>
  <NumberOfAsteriods>0</NumberOfAsteriods>
</WorldMetaData>