<?xml version="1.0" encoding="utf-8"?>
<WorldMetaData xmlns:xsd="http://www.w3.org/2001/XMLSchema" xmlns:xsi="http://www.w3.org/2001/XMLSchema-instance" Id="bd89ee5e-84b2-426e-b2dc-e1373285f97a">
  <Game>Assembly-CSharp</Game>
  <GameVersion>0.2.4992.22676</GameVersion>
  <DateTime>133645729443922506</DateTime>
  <DaysPast>353</DaysPast>
  <WorldName>Europa</WorldName>
  <IsOnAwayMission>false</IsOnAwayMission>
  <WorldTravelCount>0</WorldTravelCount>
  <WorldFileName>Furnace Automatization Sample World</WorldFileName>
  <WorkShopFileHandle>0</WorkShopFileHandle>
  <NumberOfRooms>3</NumberOfRooms>
  <NumberOfPipeNetworks>13</NumberOfPipeNetworks>
  <NumberOfCableNetworks>3</NumberOfCableNetworks>
  <NumberOfThings>611</NumberOfThings>
  <NumberOfAtmospheres>98</NumberOfAtmospheres>
  <NumberOfAsteriods>0</NumberOfAsteriods>
</WorldMetaData>